brand,asin,title,price,mrp,discount_pct,rating,review_count,url,scraped_at,cleaned_at
American Tourister,B0RBD92VOI,American Tourister Bon Air 4 Wheel 55 cm Suitcase,10300.0,13220.0,22.1,4.7,372,https://www.amazon.in/dp/B0RBD92VOI,2026-04-10T05:47:58,2026-04-10T06:00:41
American Tourister,B0F705ZMY8,American Tourister Instinction 55 cm Cabin Hard,7570.0,10790.0,29.8,4.7,1295,https://www.amazon.in/dp/B0F705ZMY8,2026-04-10T05:47:58,2026-04-10T06:00:41
American Tourister,B08XUQU0MR,American Tourister Crystal 75 cm Expandable Lock,9890.0,13370.0,26.0,4.7,2146,https://www.amazon.in/dp/B08XUQU0MR,2026-04-10T05:47:58,2026-04-10T06:00:41
American Tourister,B0D3GAI9HC,American Tourister Star Wars 65 cm Printed Trolley,14540.0,19200.0,24.3,4.5,1138,https://www.amazon.in/dp/B0D3GAI9HC,2026-04-10T05:47:58,2026-04-10T06:00:41
American Tourister,B0Y37YLYUM,American Tourister Kamiliant Kam 55 cm Spin Luggage,6080.0,8660.0,29.8,4.5,858,https://www.amazon.in/dp/B0Y37YLYUM,2026-04-10T05:47:58,2026-04-10T06:00:41
American Tourister,B0JIY812XF,American Tourister Ivy 55 cm Polycarbonate Cabin Bag,14950.0,22000.0,32.0,4.4,2675,https://www.amazon.in/dp/B0JIY812XF,2026-04-10T05:47:58,2026-04-10T06:00:41
American Tourister,B03EL73OJ7,American Tourister Linex 69 cm Medium Hard Luggage,13990.0,18280.0,23.5,4.4,1249,https://www.amazon.in/dp/B03EL73OJ7,2026-04-10T05:47:58,2026-04-10T06:00:41
American Tourister,B0AARGGWD7,American Tourister Magna Max 79 cm Large Trolley,12520.0,15900.0,21.3,4.4,1364,https://www.amazon.in/dp/B0AARGGWD7,2026-04-10T05:47:58,2026-04-10T06:00:41
American Tourister,B0WF4L2MP7,American Tourister Trig 79 cm Large Hardside 8W,5780.0,8270.0,30.1,4.4,1747,https://www.amazon.in/dp/B0WF4L2MP7,2026-04-10T05:47:58,2026-04-10T06:00:41
American Tourister,B04XF4RSMY,American Tourister Curio 68 cm Medium Spinner,8140.0,12040.0,32.4,4.2,3363,https://www.amazon.in/dp/B04XF4RSMY,2026-04-10T05:47:58,2026-04-10T06:00:41
American Tourister,B0L5U1D2VU,American Tourister Starvibe 77 cm Large Hardside,6710.0,8430.0,20.4,4.2,4411,https://www.amazon.in/dp/B0L5U1D2VU,2026-04-10T05:47:58,2026-04-10T06:00:41
American Tourister,B0F5HKFPWR,American Tourister,3099.0,8450.0,63.3,4.2,68,https://www.amazon.in/American-Tourister-Suitcase-Trolley-Combination/dp/B0F5HKFPWR/ref=sr_1_7?dib=eyJ2IjoiMSJ9.xfyYeKwQTBmQwEHyXaC2o_N7TME6Z-P-XpkzSy8MNAlkr1JOFBCyOnGwCpg7PSPNYCvgWzvzM9VcpplxYmq_ljEFLC7GL5xn8V-3tBpgvYQnpXCb6xkUfVOXhaRH72ZnnkvN0bRTZNJxljCaOoyx5ATavn40xlhzx-8PpUA-RfaOMJBom2tH60aVkj29nbMERuGVr-ZJKmo0T24_C0zRtHxjwwLRXY3bCYym6iYYVuGL9_w6u-iJUBV3PjNUlg8X3bmWvbbAiG7LvfLSY2zMtcUgNraXedkSNtDeuPUijZ4.rtJAo68dJwUXHd9iTxbdEIdbW_P4EhtK8yLuXusUgmE&dib_tag=se&keywords=American+Tourister+luggage+trolley+bag&qid=1775780926&sr=8-7,2026-04-10T05:59:02,2026-04-10T06:00:41
American Tourister,B0F5HQQ361,American Tourister,3599.0,9950.0,63.8,4.2,68,https://www.amazon.in/American-Tourister-Suitcase-Trolley-Combination/dp/B0F5HQQ361/ref=sr_1_8?dib=eyJ2IjoiMSJ9.xfyYeKwQTBmQwEHyXaC2o_N7TME6Z-P-XpkzSy8MNAlkr1JOFBCyOnGwCpg7PSPNYCvgWzvzM9VcpplxYmq_ljEFLC7GL5xn8V-3tBpgvYQnpXCb6xkUfVOXhaRH72ZnnkvN0bRTZNJxljCaOoyx5ATavn40xlhzx-8PpUA-RfaOMJBom2tH60aVkj29nbMERuGVr-ZJKmo0T24_C0zRtHxjwwLRXY3bCYym6iYYVuGL9_w6u-iJUBV3PjNUlg8X3bmWvbbAiG7LvfLSY2zMtcUgNraXedkSNtDeuPUijZ4.rtJAo68dJwUXHd9iTxbdEIdbW_P4EhtK8yLuXusUgmE&dib_tag=se&keywords=American+Tourister+luggage+trolley+bag&qid=1775780926&sr=8-8,2026-04-10T05:59:05,2026-04-10T06:00:41
American Tourister,B0CW9X3TB3,American Tourister,3999.0,10500.0,61.9,4.2,878,https://www.amazon.in/American-Tourister-Expandable-Polyester-Combination/dp/B0CW9X3TB3/ref=sr_1_10?dib=eyJ2IjoiMSJ9.xfyYeKwQTBmQwEHyXaC2o_N7TME6Z-P-XpkzSy8MNAlkr1JOFBCyOnGwCpg7PSPNYCvgWzvzM9VcpplxYmq_ljEFLC7GL5xn8V-3tBpgvYQnpXCb6xkUfVOXhaRH72ZnnkvN0bRTZNJxljCaOoyx5ATavn40xlhzx-8PpUA-RfaOMJBom2tH60aVkj29nbMERuGVr-ZJKmo0T24_C0zRtHxjwwLRXY3bCYym6iYYVuGL9_w6u-iJUBV3PjNUlg8X3bmWvbbAiG7LvfLSY2zMtcUgNraXedkSNtDeuPUijZ4.rtJAo68dJwUXHd9iTxbdEIdbW_P4EhtK8yLuXusUgmE&dib_tag=se&keywords=American+Tourister+luggage+trolley+bag&qid=1775780926&sr=8-10,2026-04-10T05:59:09,2026-04-10T06:00:41
American Tourister,B0GPQN65Z5,Kamiliant,1399.0,8500.0,83.5,4.1,148,https://www.amazon.in/Kamiliant-American-Tourister-Harrier-Suitcase/dp/B0GPQN65Z5/ref=sr_1_6?dib=eyJ2IjoiMSJ9.xfyYeKwQTBmQwEHyXaC2o_N7TME6Z-P-XpkzSy8MNAlkr1JOFBCyOnGwCpg7PSPNYCvgWzvzM9VcpplxYmq_ljEFLC7GL5xn8V-3tBpgvYQnpXCb6xkUfVOXhaRH72ZnnkvN0bRTZNJxljCaOoyx5ATavn40xlhzx-8PpUA-RfaOMJBom2tH60aVkj29nbMERuGVr-ZJKmo0T24_C0zRtHxjwwLRXY3bCYym6iYYVuGL9_w6u-iJUBV3PjNUlg8X3bmWvbbAiG7LvfLSY2zMtcUgNraXedkSNtDeuPUijZ4.rtJAo68dJwUXHd9iTxbdEIdbW_P4EhtK8yLuXusUgmE&dib_tag=se&keywords=American+Tourister+luggage+trolley+bag&qid=1775780926&sr=8-6,2026-04-10T05:59:00,2026-04-10T06:00:41
American Tourister,B0F5HNW8D1,American Tourister,3299.0,8600.0,61.6,4.1,22,https://www.amazon.in/American-Tourister-Liftoff-Suitcase-Trolley/dp/B0F5HNW8D1/ref=sr_1_9?dib=eyJ2IjoiMSJ9.xfyYeKwQTBmQwEHyXaC2o_N7TME6Z-P-XpkzSy8MNAlkr1JOFBCyOnGwCpg7PSPNYCvgWzvzM9VcpplxYmq_ljEFLC7GL5xn8V-3tBpgvYQnpXCb6xkUfVOXhaRH72ZnnkvN0bRTZNJxljCaOoyx5ATavn40xlhzx-8PpUA-RfaOMJBom2tH60aVkj29nbMERuGVr-ZJKmo0T24_C0zRtHxjwwLRXY3bCYym6iYYVuGL9_w6u-iJUBV3PjNUlg8X3bmWvbbAiG7LvfLSY2zMtcUgNraXedkSNtDeuPUijZ4.rtJAo68dJwUXHd9iTxbdEIdbW_P4EhtK8yLuXusUgmE&dib_tag=se&keywords=American+Tourister+luggage+trolley+bag&qid=1775780926&sr=8-9,2026-04-10T05:59:06,2026-04-10T06:00:41
American Tourister,B0MBIYGKLE,American Tourister Sky Bridge 4R 67 cm Trolley,12380.0,18160.0,31.8,4.0,3434,https://www.amazon.in/dp/B0MBIYGKLE,2026-04-10T05:47:58,2026-04-10T06:00:41
American Tourister,B0BTHN42H6,American Tourister,999.0,3500.0,71.5,3.9,62,https://www.amazon.in/American-Tourister-Harp-Duffle-Grey/dp/B0BTHN42H6/ref=sr_1_5?dib=eyJ2IjoiMSJ9.xfyYeKwQTBmQwEHyXaC2o_N7TME6Z-P-XpkzSy8MNAlkr1JOFBCyOnGwCpg7PSPNYCvgWzvzM9VcpplxYmq_ljEFLC7GL5xn8V-3tBpgvYQnpXCb6xkUfVOXhaRH72ZnnkvN0bRTZNJxljCaOoyx5ATavn40xlhzx-8PpUA-RfaOMJBom2tH60aVkj29nbMERuGVr-ZJKmo0T24_C0zRtHxjwwLRXY3bCYym6iYYVuGL9_w6u-iJUBV3PjNUlg8X3bmWvbbAiG7LvfLSY2zMtcUgNraXedkSNtDeuPUijZ4.rtJAo68dJwUXHd9iTxbdEIdbW_P4EhtK8yLuXusUgmE&dib_tag=se&keywords=American+Tourister+luggage+trolley+bag&qid=1775780926&sr=8-5,2026-04-10T05:58:57,2026-04-10T06:00:41
Aristocrat,B0D4RBM6Q6,Aristocrat,1599.0,7500.0,78.7,4.2,124,https://www.amazon.in/Aristocrat-Trolley-Lightweight-Combination-warranty/dp/B0D4RBM6Q6/ref=sr_1_5?dib=eyJ2IjoiMSJ9.-W6DA13MkI6MnhE1yMeVuxB3oVaDfP1bhvTzJsPOzN_vcfDvqpCDc1p7YKh_ChM2cYWNtp8dd2axuXVxdwj2zgX8ynVpVTpbZ5rgvFaM3eElB_5-hHJZZsop8gbRvEngu9VhgYCJiuscCZIqqiFi1SOI6V-nVX-052qmndS6HaxZK6SCCRf83zyD97BqV0SZ6pYPZx4UKJBCnrbqzBsWd9tHsoM5IDNPgmXwcDuGFG5ib8KNLmO0jR3z9e1iVlbNWXDzZq4cBAKzNxWaUTpPnCk8co9U2v-grDDb1CXcKiQ.MaLHM_UloaWLwlfK4Poxoojbf-6SX2shV53DUQTVmZ4&dib_tag=se&keywords=Aristocrat+luggage+trolley+bag&qid=1775780984&sr=8-5,2026-04-10T05:59:55,2026-04-10T06:00:41
Aristocrat,B0FMF3SLPK,Aristocrat,1499.0,6250.0,76.0,4.2,13,https://www.amazon.in/Aristocrat-Liberty-Combination-International-Warranty/dp/B0FMF3SLPK/ref=sr_1_6?dib=eyJ2IjoiMSJ9.-W6DA13MkI6MnhE1yMeVuxB3oVaDfP1bhvTzJsPOzN_vcfDvqpCDc1p7YKh_ChM2cYWNtp8dd2axuXVxdwj2zgX8ynVpVTpbZ5rgvFaM3eElB_5-hHJZZsop8gbRvEngu9VhgYCJiuscCZIqqiFi1SOI6V-nVX-052qmndS6HaxZK6SCCRf83zyD97BqV0SZ6pYPZx4UKJBCnrbqzBsWd9tHsoM5IDNPgmXwcDuGFG5ib8KNLmO0jR3z9e1iVlbNWXDzZq4cBAKzNxWaUTpPnCk8co9U2v-grDDb1CXcKiQ.MaLHM_UloaWLwlfK4Poxoojbf-6SX2shV53DUQTVmZ4&dib_tag=se&keywords=Aristocrat+luggage+trolley+bag&qid=1775780984&sr=8-6,2026-04-10T05:59:57,2026-04-10T06:00:41
Aristocrat,B075T0JVPH,Aristocrat Witness 55 cm Polyester Cabin Bag,4300.0,4850.0,11.3,4.1,1751,https://www.amazon.in/dp/B075T0JVPH,2026-04-10T05:47:58,2026-04-10T06:00:41
Aristocrat,B0ZB97IVK4,Aristocrat Stario 65 cm 4 Wheel Hard Trolley Pink,2310.0,2720.0,15.1,4.1,3421,https://www.amazon.in/dp/B0ZB97IVK4,2026-04-10T05:47:58,2026-04-10T06:00:41
Aristocrat,B0WYE1R3RF,Aristocrat Spark 55 cm Spinner Hard Cabin Purple,4050.0,4480.0,9.6,4.1,4396,https://www.amazon.in/dp/B0WYE1R3RF,2026-04-10T05:47:58,2026-04-10T06:00:41
Aristocrat,B0FC6L8H6G,Aristocrat,3149.0,18880.0,83.3,4.1,24,https://www.amazon.in/Aristocrat-Suitcase-Combination-Convipack-International/dp/B0FC6L8H6G/ref=sr_1_7?dib=eyJ2IjoiMSJ9.-W6DA13MkI6MnhE1yMeVuxB3oVaDfP1bhvTzJsPOzN_vcfDvqpCDc1p7YKh_ChM2cYWNtp8dd2axuXVxdwj2zgX8ynVpVTpbZ5rgvFaM3eElB_5-hHJZZsop8gbRvEngu9VhgYCJiuscCZIqqiFi1SOI6V-nVX-052qmndS6HaxZK6SCCRf83zyD97BqV0SZ6pYPZx4UKJBCnrbqzBsWd9tHsoM5IDNPgmXwcDuGFG5ib8KNLmO0jR3z9e1iVlbNWXDzZq4cBAKzNxWaUTpPnCk8co9U2v-grDDb1CXcKiQ.MaLHM_UloaWLwlfK4Poxoojbf-6SX2shV53DUQTVmZ4&dib_tag=se&keywords=Aristocrat+luggage+trolley+bag&qid=1775780984&sr=8-7,2026-04-10T06:00:00,2026-04-10T06:00:41
Aristocrat,B0I1JRJFHE,Aristocrat Hub 4 Wheel Small Cabin Trolley 55 cm,4280.0,5480.0,21.9,4.0,3444,https://www.amazon.in/dp/B0I1JRJFHE,2026-04-10T05:47:58,2026-04-10T06:00:41
Aristocrat,B0UN1FTQDC,Aristocrat Premier 79 cm XL Large Hard Trolley,3370.0,3860.0,12.7,4.0,3728,https://www.amazon.in/dp/B0UN1FTQDC,2026-04-10T05:47:58,2026-04-10T06:00:41
Aristocrat,B0FPXLHK8Y,Aristocrat,5609.0,25880.0,78.3,4.0,11,https://www.amazon.in/Aristocrat-Suitcase-Combination-Convipack-Warranty/dp/B0FPXLHK8Y/ref=sr_1_10?dib=eyJ2IjoiMSJ9.-W6DA13MkI6MnhE1yMeVuxB3oVaDfP1bhvTzJsPOzN_vcfDvqpCDc1p7YKh_ChM2cYWNtp8dd2axuXVxdwj2zgX8ynVpVTpbZ5rgvFaM3eElB_5-hHJZZsop8gbRvEngu9VhgYCJiuscCZIqqiFi1SOI6V-nVX-052qmndS6HaxZK6SCCRf83zyD97BqV0SZ6pYPZx4UKJBCnrbqzBsWd9tHsoM5IDNPgmXwcDuGFG5ib8KNLmO0jR3z9e1iVlbNWXDzZq4cBAKzNxWaUTpPnCk8co9U2v-grDDb1CXcKiQ.MaLHM_UloaWLwlfK4Poxoojbf-6SX2shV53DUQTVmZ4&dib_tag=se&keywords=Aristocrat+luggage+trolley+bag&qid=1775780984&sr=8-10,2026-04-10T06:00:06,2026-04-10T06:00:41
Aristocrat,B0G0D6VAGN,Aristocrat Opus 75 cm Large Hard Luggage Black,4050.0,5240.0,22.7,3.9,591,https://www.amazon.in/dp/B0G0D6VAGN,2026-04-10T05:47:58,2026-04-10T06:00:41
Aristocrat,B0F2LU3UK1,Aristocrat Nile 55 cm Cabin Hard Trolley Bag,2730.0,3140.0,13.1,3.8,3501,https://www.amazon.in/dp/B0F2LU3UK1,2026-04-10T05:47:58,2026-04-10T06:00:41
Aristocrat,B0RRCV2WRM,Aristocrat Regal 77 cm Large Hard Trolley Blue,3060.0,3750.0,18.4,3.8,4342,https://www.amazon.in/dp/B0RRCV2WRM,2026-04-10T05:47:58,2026-04-10T06:00:41
Aristocrat,B0SMGK03XR,Aristocrat Pixel 55 cm 8 Wheel Cabin Hard Bag,2210.0,2440.0,9.4,3.8,714,https://www.amazon.in/dp/B0SMGK03XR,2026-04-10T05:47:58,2026-04-10T06:00:41
Aristocrat,B0FS0Y82HB,Aristocrat Volt Polycarbonate 69 cm Check-in,3080.0,3690.0,16.5,3.6,1925,https://www.amazon.in/dp/B0FS0Y82HB,2026-04-10T05:47:58,2026-04-10T06:00:41
Aristocrat,B021FZ8S1Q,Aristocrat Ozone 65 cm Hard Luggage Trolley,1800.0,2130.0,15.5,3.5,1481,https://www.amazon.in/dp/B021FZ8S1Q,2026-04-10T05:47:58,2026-04-10T06:00:41
Aristocrat,B0JSM57DP0,Aristocrat Matrix 65 cm Medium Hard Trolley Red,2720.0,3510.0,22.5,3.5,4330,https://www.amazon.in/dp/B0JSM57DP0,2026-04-10T05:47:58,2026-04-10T06:00:41
Nasher Miles,B0CU19OGQE,Nasher Miles Paris 65 cm 4 Wheel Hard Luggage,5320.0,6960.0,23.6,4.3,1771,https://www.amazon.in/dp/B0CU19OGQE,2026-04-10T05:47:58,2026-04-10T06:00:41
Nasher Miles,B0LCGHZATH,Nasher Miles London 77 cm Large Polycarbonate,5890.0,8190.0,28.1,4.3,2814,https://www.amazon.in/dp/B0LCGHZATH,2026-04-10T05:47:58,2026-04-10T06:00:41
Nasher Miles,B0LMBNFLWY,Nasher Miles Edinburgh 55 cm Hard Trolley,4820.0,6230.0,22.6,4.3,4454,https://www.amazon.in/dp/B0LMBNFLWY,2026-04-10T05:47:58,2026-04-10T06:00:41
Nasher Miles,B0D9VV7G4Z,Nasher Miles,3499.0,17995.0,80.6,4.3,2,https://www.amazon.in/Nasher-Miles-Hard-Sided-Polypropylene-Spinner/dp/B0D9VV7G4Z/ref=sr_1_6?dib=eyJ2IjoiMSJ9.TnB1s6iRG561B-omFm8mM8WepjRJxeLUIqaSDqJqqNCFzGXI7RxYiIvkWWVIw30DfDZ0KlM2mm9FD47NoDELfO7Rd51i0bcyJAYvK7xoeFX7MW9TBuBW0h1Cs6RPzNu4U7AJQwm1uAo4vckm4TLVQ_aeIR291PfHzg_87U3u2G2bn-RH18-1Fe3SJdDV_fKPB-6_VJQK8KiMBakrYxBrcSG8-dw-V0lXdDt41a8byfuYSEI-JVE9RA0RPerHUFZuNFSPWjHoVxyGqyZ90Tr1LfJI5Hpdym1SAjSaPRMIrTw.M2jgaEpDm6ChbJ4ynx6jtDBfcC5St5iI77MWLvNpJC8&dib_tag=se&keywords=Nasher+Miles+luggage+trolley+bag&qid=1775781015&sr=8-6,2026-04-10T06:00:27,2026-04-10T06:00:41
Nasher Miles,B0BFJBC2HV,Nasher Miles,2949.0,15995.0,81.6,4.3,2,https://www.amazon.in/Nasher-Miles-Paris-Polypropylene-Purple/dp/B0BFJBC2HV/ref=sr_1_7?dib=eyJ2IjoiMSJ9.TnB1s6iRG561B-omFm8mM8WepjRJxeLUIqaSDqJqqNCFzGXI7RxYiIvkWWVIw30DfDZ0KlM2mm9FD47NoDELfO7Rd51i0bcyJAYvK7xoeFX7MW9TBuBW0h1Cs6RPzNu4U7AJQwm1uAo4vckm4TLVQ_aeIR291PfHzg_87U3u2G2bn-RH18-1Fe3SJdDV_fKPB-6_VJQK8KiMBakrYxBrcSG8-dw-V0lXdDt41a8byfuYSEI-JVE9RA0RPerHUFZuNFSPWjHoVxyGqyZ90Tr1LfJI5Hpdym1SAjSaPRMIrTw.M2jgaEpDm6ChbJ4ynx6jtDBfcC5St5iI77MWLvNpJC8&dib_tag=se&keywords=Nasher+Miles+luggage+trolley+bag&qid=1775781015&sr=8-7,2026-04-10T06:00:29,2026-04-10T06:00:41
Nasher Miles,B09GKK2X39,Nasher Miles,3599.0,17995.0,80.0,4.3,2,https://www.amazon.in/Nasher-Miles-Paris-Pastel-Green/dp/B09GKK2X39/ref=sr_1_8?dib=eyJ2IjoiMSJ9.TnB1s6iRG561B-omFm8mM8WepjRJxeLUIqaSDqJqqNCFzGXI7RxYiIvkWWVIw30DfDZ0KlM2mm9FD47NoDELfO7Rd51i0bcyJAYvK7xoeFX7MW9TBuBW0h1Cs6RPzNu4U7AJQwm1uAo4vckm4TLVQ_aeIR291PfHzg_87U3u2G2bn-RH18-1Fe3SJdDV_fKPB-6_VJQK8KiMBakrYxBrcSG8-dw-V0lXdDt41a8byfuYSEI-JVE9RA0RPerHUFZuNFSPWjHoVxyGqyZ90Tr1LfJI5Hpdym1SAjSaPRMIrTw.M2jgaEpDm6ChbJ4ynx6jtDBfcC5St5iI77MWLvNpJC8&dib_tag=se&keywords=Nasher+Miles+luggage+trolley+bag&qid=1775781015&sr=8-8,2026-04-10T06:00:31,2026-04-10T06:00:41
Nasher Miles,B0BFJ9CX6B,Nasher Miles,3449.0,17995.0,80.8,4.3,2,https://www.amazon.in/Nasher-Miles-Paris-Polypropylene-Pink/dp/B0BFJ9CX6B/ref=sr_1_9?dib=eyJ2IjoiMSJ9.TnB1s6iRG561B-omFm8mM8WepjRJxeLUIqaSDqJqqNCFzGXI7RxYiIvkWWVIw30DfDZ0KlM2mm9FD47NoDELfO7Rd51i0bcyJAYvK7xoeFX7MW9TBuBW0h1Cs6RPzNu4U7AJQwm1uAo4vckm4TLVQ_aeIR291PfHzg_87U3u2G2bn-RH18-1Fe3SJdDV_fKPB-6_VJQK8KiMBakrYxBrcSG8-dw-V0lXdDt41a8byfuYSEI-JVE9RA0RPerHUFZuNFSPWjHoVxyGqyZ90Tr1LfJI5Hpdym1SAjSaPRMIrTw.M2jgaEpDm6ChbJ4ynx6jtDBfcC5St5iI77MWLvNpJC8&dib_tag=se&keywords=Nasher+Miles+luggage+trolley+bag&qid=1775781015&sr=8-9,2026-04-10T06:00:33,2026-04-10T06:00:41
Nasher Miles,B09G6ZFJPX,Nasher Miles,3449.0,17995.0,80.8,4.3,2,https://www.amazon.in/Nasher-Miles-Paris-Dark-Green/dp/B09G6ZFJPX/ref=sr_1_10?dib=eyJ2IjoiMSJ9.TnB1s6iRG561B-omFm8mM8WepjRJxeLUIqaSDqJqqNCFzGXI7RxYiIvkWWVIw30DfDZ0KlM2mm9FD47NoDELfO7Rd51i0bcyJAYvK7xoeFX7MW9TBuBW0h1Cs6RPzNu4U7AJQwm1uAo4vckm4TLVQ_aeIR291PfHzg_87U3u2G2bn-RH18-1Fe3SJdDV_fKPB-6_VJQK8KiMBakrYxBrcSG8-dw-V0lXdDt41a8byfuYSEI-JVE9RA0RPerHUFZuNFSPWjHoVxyGqyZ90Tr1LfJI5Hpdym1SAjSaPRMIrTw.M2jgaEpDm6ChbJ4ynx6jtDBfcC5St5iI77MWLvNpJC8&dib_tag=se&keywords=Nasher+Miles+luggage+trolley+bag&qid=1775781015&sr=8-10,2026-04-10T06:00:35,2026-04-10T06:00:41
Nasher Miles,B0GEBHPRC4,Nasher Miles Dublin 55 cm TSA Lock Cabin Bag,5990.0,8730.0,31.4,4.2,2810,https://www.amazon.in/dp/B0GEBHPRC4,2026-04-10T05:47:58,2026-04-10T06:00:41
Nasher Miles,B0MOHD111P,Nasher Miles Milan 65 cm Combo Set of 2 Luggage,4030.0,5540.0,27.3,4.2,3039,https://www.amazon.in/dp/B0MOHD111P,2026-04-10T05:47:58,2026-04-10T06:00:41
Nasher Miles,B0AN3RA9YV,Nasher Miles Florence Cabin Hard Luggage 55 cm,3850.0,5280.0,27.1,4.1,564,https://www.amazon.in/dp/B0AN3RA9YV,2026-04-10T05:47:58,2026-04-10T06:00:41
Nasher Miles,B0DDHIVA85,Nasher Miles Oslo 75 cm Large Hardside Trolley,6180.0,8120.0,23.9,4.1,4192,https://www.amazon.in/dp/B0DDHIVA85,2026-04-10T05:47:58,2026-04-10T06:00:41
Nasher Miles,B0RIIO8O3F,Nasher Miles Berlin 55 cm Spinner Cabin Hard Bag,4810.0,6810.0,29.4,4.0,3887,https://www.amazon.in/dp/B0RIIO8O3F,2026-04-10T05:47:58,2026-04-10T06:00:41
Nasher Miles,B0GG7XDLRK,Nasher Miles Tokyo 79 cm XL Expandable Hard Bag,6420.0,8510.0,24.6,4.0,3539,https://www.amazon.in/dp/B0GG7XDLRK,2026-04-10T05:47:58,2026-04-10T06:00:41
Nasher Miles,B08B8TA9JU,Nasher Miles Rome 76 cm Large Hard Trolley,4650.0,6870.0,32.3,3.9,828,https://www.amazon.in/dp/B08B8TA9JU,2026-04-10T05:47:58,2026-04-10T06:00:41
Nasher Miles,B006TSWQI5,Nasher Miles Checked-In Hard Luggage Expandable 65 cm,5510.0,7080.0,22.2,3.8,3500,https://www.amazon.in/dp/B006TSWQI5,2026-04-10T05:47:58,2026-04-10T06:00:41
Nasher Miles,B0C3LPAFNU,Nasher Miles Vienna 69 cm Medium Hard Spinner,5090.0,7210.0,29.4,3.8,2886,https://www.amazon.in/dp/B0C3LPAFNU,2026-04-10T05:47:58,2026-04-10T06:00:41
Nasher Miles,B0D47KQ81Z,Nasher Miles,2749.0,16995.0,83.8,3.7,66,https://www.amazon.in/Nasher-Miles-Springfield-Hard-Sided-Polypropylene/dp/B0D47KQ81Z/ref=sr_1_5?dib=eyJ2IjoiMSJ9.TnB1s6iRG561B-omFm8mM8WepjRJxeLUIqaSDqJqqNCFzGXI7RxYiIvkWWVIw30DfDZ0KlM2mm9FD47NoDELfO7Rd51i0bcyJAYvK7xoeFX7MW9TBuBW0h1Cs6RPzNu4U7AJQwm1uAo4vckm4TLVQ_aeIR291PfHzg_87U3u2G2bn-RH18-1Fe3SJdDV_fKPB-6_VJQK8KiMBakrYxBrcSG8-dw-V0lXdDt41a8byfuYSEI-JVE9RA0RPerHUFZuNFSPWjHoVxyGqyZ90Tr1LfJI5Hpdym1SAjSaPRMIrTw.M2jgaEpDm6ChbJ4ynx6jtDBfcC5St5iI77MWLvNpJC8&dib_tag=se&keywords=Nasher+Miles+luggage+trolley+bag&qid=1775781015&sr=8-5,2026-04-10T06:00:25,2026-04-10T06:00:41
Safari,B0LS7EWJ67,Safari Regloss 55 cm Antiscratch Suitcase,4400.0,5580.0,21.1,4.5,3290,https://www.amazon.in/dp/B0LS7EWJ67,2026-04-10T05:47:58,2026-04-10T06:00:41
Safari,UNKNOWN,Safari,3600.0,4500.0,20.0,4.5,2,https://www.amazon.in/sspa/click?ie=UTF8&spc=MTo1Nzk5MjY4ODU5Mjk3OTcwOjE3NzU3ODA4MTI6c3BfYXRmOjMwMDk2NTEwMzk2MTczMjo6MDo6&url=%2FSafari-Anti-Theft-Polycarbonate-Trolley-76CM%2Fdp%2FB0G1K2SVV4%2Fref%3Dsr_1_1_sspa%3Fdib%3DeyJ2IjoiMSJ9.BmBMWkFmnewse0rCRnzrsQItR5YJEBCUpEmEE9sp4JKilMb6WPaaARKB4MjxnQnkovxqxg5XEuL_Snh9jd69mYY_499EJvxNNoa4M_pou2jRRa8rEHPClw_v_LBU0exX8-WlmtHVt2GA9hLJZiO24NoYANwKhAqstkKkmWwRP5_ij5zu2nDmWWOdcYqQCr_i3sW6ljp8JQmMzYKs9ulxCAowRFOzAEAPJJXVJJzT7jzjKNx0hTr5u4z7CR2Dw0JcDVkb1hzKnd-gaX2RutGUl9-S7utgcUYVgq8yzLmBa24.JHZvSgUA4-L_JztirQwA2W6TAsawgUkpRD51IypGrV4%26dib_tag%3Dse%26keywords%3DSafari%2Bluggage%2Btrolley%2Bbag%26qid%3D1775780812%26sr%3D8-1-spons%26aref%3DinCbEukuhq%26sp_csd%3Dd2lkZ2V0TmFtZT1zcF9hdGY%26psc%3D1&aref=inCbEukuhq&sp_cr=ZAZ,2026-04-10T05:56:57,2026-04-10T06:00:41
Safari,B0E4ZPEQ3Y,Safari Thorium 8 Wheels 75 cm Large Trolley Bag,5500.0,7420.0,25.9,4.4,406,https://www.amazon.in/dp/B0E4ZPEQ3Y,2026-04-10T05:47:58,2026-04-10T06:00:41
Safari,B09VWHHMFN,Safari Mint 65 cm Hard Trolley Blue,5230.0,6480.0,19.3,4.4,3834,https://www.amazon.in/dp/B09VWHHMFN,2026-04-10T05:47:58,2026-04-10T06:00:41
Safari,B0YOD6SEG1,Safari Cosmo 75 cm Hardside Spinner Luggage,4550.0,5740.0,20.7,4.4,3524,https://www.amazon.in/dp/B0YOD6SEG1,2026-04-10T05:47:58,2026-04-10T06:00:41
Safari,B0IFFK0ENS,Safari Polycarbonate 360 Degree Wheels Cabin Bag,5740.0,7030.0,18.3,4.3,1443,https://www.amazon.in/dp/B0IFFK0ENS,2026-04-10T05:47:58,2026-04-10T06:00:41
Safari,B0OG1SAJFR,Safari Tribe 4 Wheel Hard Luggage Set of 2,5170.0,6440.0,19.7,4.2,4083,https://www.amazon.in/dp/B0OG1SAJFR,2026-04-10T05:47:58,2026-04-10T06:00:41
Safari,B097BG6DX1,Safari,1879.0,8999.0,79.1,4.2,339,https://www.amazon.in/Safari-Pentagon-Polypropylene-Wheeling-Suitcase/dp/B097BG6DX1/ref=sr_1_8?dib=eyJ2IjoiMSJ9.BmBMWkFmnewse0rCRnzrsQItR5YJEBCUpEmEE9sp4JKilMb6WPaaARKB4MjxnQnkovxqxg5XEuL_Snh9jd69mYY_499EJvxNNoa4M_pou2jRRa8rEHPClw_v_LBU0exX8-WlmtHVt2GA9hLJZiO24NoYANwKhAqstkKkmWwRP5_ij5zu2nDmWWOdcYqQCr_i3sW6ljp8JQmMzYKs9ulxCAowRFOzAEAPJJXVJJzT7jzjKNx0hTr5u4z7CR2Dw0JcDVkb1hzKnd-gaX2RutGUl9-S7utgcUYVgq8yzLmBa24.MNQWQdqXlfofqOH9qburFUuHJ4yZdIeHEN_VNHHQvmY&dib_tag=se&keywords=Safari+luggage+trolley+bag&qid=1775780867&sr=8-8,2026-04-10T05:58:05,2026-04-10T06:00:41
Safari,B0XBQMSO3I,Safari Ray 55 cm Small Cabin Trolley Luggage,6370.0,8410.0,24.3,4.1,521,https://www.amazon.in/dp/B0XBQMSO3I,2026-04-10T05:47:58,2026-04-10T06:00:41
Safari,B0TM38O3MC,Safari Optima 69 cm Check-in Hard Trolley,3280.0,4370.0,24.9,4.1,2172,https://www.amazon.in/dp/B0TM38O3MC,2026-04-10T05:47:58,2026-04-10T06:00:41
Safari,B0K8VNY5IX,Safari Pentagon 65 cm Medium Check-in Trolley,3900.0,5130.0,24.0,4.0,3573,https://www.amazon.in/dp/B0K8VNY5IX,2026-04-10T05:47:58,2026-04-10T06:00:41
Safari,B0L24J7EQA,Safari Hard Cabin Luggage 55 cm Pink Premium,4950.0,5980.0,17.2,4.0,4227,https://www.amazon.in/dp/B0L24J7EQA,2026-04-10T05:47:58,2026-04-10T06:00:41
Safari,B0FLYGLKYQ,Safari,4199.0,27997.0,85.0,4.0,56,https://www.amazon.in/Safari-Polypropylene-Wheeling-Suitcase-Flintstone/dp/B0FLYGLKYQ/ref=sr_1_5?dib=eyJ2IjoiMSJ9.BmBMWkFmnewse0rCRnzrsQItR5YJEBCUpEmEE9sp4JKilMb6WPaaARKB4MjxnQnkovxqxg5XEuL_Snh9jd69mYY_499EJvxNNoa4M_pou2jRRa8rEHPClw_v_LBU0exX8-WlmtHVt2GA9hLJZiO24NoYANwKhAqstkKkmWwRP5_ij5zu2nDmWWOdcYqQCr_i3sW6ljp8JQmMzYKs9ulxCAowRFOzAEAPJJXVJJzT7jzjKNx0hTr5u4z7CR2Dw0JcDVkb1hzKnd-gaX2RutGUl9-S7utgcUYVgq8yzLmBa24.JHZvSgUA4-L_JztirQwA2W6TAsawgUkpRD51IypGrV4&dib_tag=se&keywords=Safari+luggage+trolley+bag&qid=1775780812&sr=8-5,2026-04-10T05:56:57,2026-04-10T06:00:41
Safari,B0FLYJQLQQ,Safari,1499.0,6999.0,78.6,4.0,56,https://www.amazon.in/Safari-Trolley-Polypropylene-Wheeling-Suitcase/dp/B0FLYJQLQQ/ref=sr_1_6?dib=eyJ2IjoiMSJ9.BmBMWkFmnewse0rCRnzrsQItR5YJEBCUpEmEE9sp4JKilMb6WPaaARKB4MjxnQnkovxqxg5XEuL_Snh9jd69mYY_499EJvxNNoa4M_pou2jRRa8rEHPClw_v_LBU0exX8-WlmtHVt2GA9hLJZiO24NoYANwKhAqstkKkmWwRP5_ij5zu2nDmWWOdcYqQCr_i3sW6ljp8JQmMzYKs9ulxCAowRFOzAEAPJJXVJJzT7jzjKNx0hTr5u4z7CR2Dw0JcDVkb1hzKnd-gaX2RutGUl9-S7utgcUYVgq8yzLmBa24.MNQWQdqXlfofqOH9qburFUuHJ4yZdIeHEN_VNHHQvmY&dib_tag=se&keywords=Safari+luggage+trolley+bag&qid=1775780867&sr=8-6,2026-04-10T05:58:01,2026-04-10T06:00:41
Safari,B097JMXLT9,Safari,2699.0,9800.0,72.5,4.0,281,https://www.amazon.in/Safari-Polycarbonate-Wheeling-Speed_Wheel-Suitcase/dp/B097JMXLT9/ref=sr_1_7?dib=eyJ2IjoiMSJ9.BmBMWkFmnewse0rCRnzrsQItR5YJEBCUpEmEE9sp4JKilMb6WPaaARKB4MjxnQnkovxqxg5XEuL_Snh9jd69mYY_499EJvxNNoa4M_pou2jRRa8rEHPClw_v_LBU0exX8-WlmtHVt2GA9hLJZiO24NoYANwKhAqstkKkmWwRP5_ij5zu2nDmWWOdcYqQCr_i3sW6ljp8JQmMzYKs9ulxCAowRFOzAEAPJJXVJJzT7jzjKNx0hTr5u4z7CR2Dw0JcDVkb1hzKnd-gaX2RutGUl9-S7utgcUYVgq8yzLmBa24.MNQWQdqXlfofqOH9qburFUuHJ4yZdIeHEN_VNHHQvmY&dib_tag=se&keywords=Safari+luggage+trolley+bag&qid=1775780867&sr=8-7,2026-04-10T05:58:03,2026-04-10T06:00:41
Safari,B0F67L3Y72,Safari,1999.0,8999.0,77.8,4.0,56,https://www.amazon.in/Safari-Trolley-Polypropylene-Wheeling-Suitcase/dp/B0F67L3Y72/ref=sr_1_9?dib=eyJ2IjoiMSJ9.BmBMWkFmnewse0rCRnzrsQItR5YJEBCUpEmEE9sp4JKilMb6WPaaARKB4MjxnQnkovxqxg5XEuL_Snh9jd69mYY_499EJvxNNoa4M_pou2jRRa8rEHPClw_v_LBU0exX8-WlmtHVt2GA9hLJZiO24NoYANwKhAqstkKkmWwRP5_ij5zu2nDmWWOdcYqQCr_i3sW6ljp8JQmMzYKs9ulxCAowRFOzAEAPJJXVJJzT7jzjKNx0hTr5u4z7CR2Dw0JcDVkb1hzKnd-gaX2RutGUl9-S7utgcUYVgq8yzLmBa24.MNQWQdqXlfofqOH9qburFUuHJ4yZdIeHEN_VNHHQvmY&dib_tag=se&keywords=Safari+luggage+trolley+bag&qid=1775780867&sr=8-9,2026-04-10T05:58:08,2026-04-10T06:00:41
Safari,B0F67F6BBZ,Safari,2599.0,11999.0,78.3,4.0,56,https://www.amazon.in/Safari-Trolley-Polypropylene-Wheeling-Suitcase/dp/B0F67F6BBZ/ref=sr_1_10?dib=eyJ2IjoiMSJ9.BmBMWkFmnewse0rCRnzrsQItR5YJEBCUpEmEE9sp4JKilMb6WPaaARKB4MjxnQnkovxqxg5XEuL_Snh9jd69mYY_499EJvxNNoa4M_pou2jRRa8rEHPClw_v_LBU0exX8-WlmtHVt2GA9hLJZiO24NoYANwKhAqstkKkmWwRP5_ij5zu2nDmWWOdcYqQCr_i3sW6ljp8JQmMzYKs9ulxCAowRFOzAEAPJJXVJJzT7jzjKNx0hTr5u4z7CR2Dw0JcDVkb1hzKnd-gaX2RutGUl9-S7utgcUYVgq8yzLmBa24.MNQWQdqXlfofqOH9qburFUuHJ4yZdIeHEN_VNHHQvmY&dib_tag=se&keywords=Safari+luggage+trolley+bag&qid=1775780867&sr=8-10,2026-04-10T05:58:11,2026-04-10T06:00:41
Safari,B0B6Y06YVJ,Safari Snapper 8 Wheels Expandable Luggage,3230.0,4240.0,23.8,3.9,762,https://www.amazon.in/dp/B0B6Y06YVJ,2026-04-10T05:47:58,2026-04-10T06:00:41
Safari,B0S6MNTTFJ,Safari Ozone 65 cm 4 Wheel Polycarbonate Trolley,6760.0,8690.0,22.2,3.9,3486,https://www.amazon.in/dp/B0S6MNTTFJ,2026-04-10T05:47:58,2026-04-10T06:00:41
Skybags,B0FXORXC51,Skybags Edge 4 Wheel 55 cm Suitcase Red,7490.0,9590.0,21.9,4.6,569,https://www.amazon.in/dp/B0FXORXC51,2026-04-10T05:47:58,2026-04-10T06:00:41
Skybags,B04VCXI83P,Skybags Teazy 55 cm Cabin Trolley Bag,3540.0,4320.0,18.1,4.5,808,https://www.amazon.in/dp/B04VCXI83P,2026-04-10T05:47:58,2026-04-10T06:00:41
Skybags,B0CPSW5WJ5,Skybags,1699.0,7060.0,75.9,4.4,780,https://www.amazon.in/Skybags-Paratrip-Luggage-Polypropylene-Oppulence/dp/B0CPSW5WJ5/ref=sr_1_7?dib=eyJ2IjoiMSJ9.2amomt3fYH7ZIP7jhn-m6cDXEyBoQCL6SnV0ovir4bCQULU3DFYRV0Ez83iCuxDYwr1jWi3RxSGfw1QpVLfPootJxfy8Hcda7OhGp_rOcyW3MVYEqGBSchUSWjPRkiuR57H4vk0JdBsucfpIvie9K-DC5BiyQnQPpFPI3MSc-3Zr1MSJIrm4DzDiZKc6LyQCFLGc2Gt3_fV1I_2EaIqdELC4cfnKtbLfX3ztl93c0xSb_osgRCVat5NFkylYsMCPBgS8KbHEx6EGiYSA3e8rHHIXNPZ72txUIWMnPzzPgfM.RA50oNW89Iy_n_WcF8HuSTGVHa9X6StRE2CMTi_WoUg&dib_tag=se&keywords=Skybags+luggage+trolley+bag&qid=1775780898&sr=8-7,2026-04-10T05:58:31,2026-04-10T06:00:41
Skybags,B0CPSSB4BN,Skybags,1959.0,7060.0,72.3,4.4,780,https://www.amazon.in/Skybags-Paratrip-Hardshell-Polypropylene-Bumblebee/dp/B0CPSSB4BN/ref=sr_1_9?dib=eyJ2IjoiMSJ9.2amomt3fYH7ZIP7jhn-m6cDXEyBoQCL6SnV0ovir4bCQULU3DFYRV0Ez83iCuxDYwr1jWi3RxSGfw1QpVLfPootJxfy8Hcda7OhGp_rOcyW3MVYEqGBSchUSWjPRkiuR57H4vk0JdBsucfpIvie9K-DC5BiyQnQPpFPI3MSc-3Zr1MSJIrm4DzDiZKc6LyQCFLGc2Gt3_fV1I_2EaIqdELC4cfnKtbLfX3ztl93c0xSb_osgRCVat5NFkylYsMCPBgS8KbHEx6EGiYSA3e8rHHIXNPZ72txUIWMnPzzPgfM.RA50oNW89Iy_n_WcF8HuSTGVHa9X6StRE2CMTi_WoUg&dib_tag=se&keywords=Skybags+luggage+trolley+bag&qid=1775780898&sr=8-9,2026-04-10T05:58:37,2026-04-10T06:00:41
Skybags,B0V46TYS32,Skybags Stratos 4 Wheel 65 cm Trolley Bag,6640.0,9280.0,28.4,4.3,3759,https://www.amazon.in/dp/B0V46TYS32,2026-04-10T05:47:58,2026-04-10T06:00:41
Skybags,B0N0AHMK7S,Skybags Turbo Plus 79 cm Large Trolley Hard Luggage,6460.0,7820.0,17.4,4.3,2788,https://www.amazon.in/dp/B0N0AHMK7S,2026-04-10T05:47:58,2026-04-10T06:00:41
Skybags,B0OM9NKEG7,Skybags Club 69 cm Medium Check-in Hardcase,5060.0,6550.0,22.7,4.3,2192,https://www.amazon.in/dp/B0OM9NKEG7,2026-04-10T05:47:58,2026-04-10T06:00:41
Skybags,B07HCRSLFY,Skybags,3099.0,9050.0,65.8,4.3,189,https://www.amazon.in/Skybags-Polyester-Softsided-Luggage-STRUB78EBLU/dp/B07HCRSLFY/ref=sr_1_8?dib=eyJ2IjoiMSJ9.2amomt3fYH7ZIP7jhn-m6cDXEyBoQCL6SnV0ovir4bCQULU3DFYRV0Ez83iCuxDYwr1jWi3RxSGfw1QpVLfPootJxfy8Hcda7OhGp_rOcyW3MVYEqGBSchUSWjPRkiuR57H4vk0JdBsucfpIvie9K-DC5BiyQnQPpFPI3MSc-3Zr1MSJIrm4DzDiZKc6LyQCFLGc2Gt3_fV1I_2EaIqdELC4cfnKtbLfX3ztl93c0xSb_osgRCVat5NFkylYsMCPBgS8KbHEx6EGiYSA3e8rHHIXNPZ72txUIWMnPzzPgfM.RA50oNW89Iy_n_WcF8HuSTGVHa9X6StRE2CMTi_WoUg&dib_tag=se&keywords=Skybags+luggage+trolley+bag&qid=1775780898&sr=8-8,2026-04-10T05:58:34,2026-04-10T06:00:41
Skybags,B06DJVMHIN,Skybags Glide Plus 77 cm Hard Trolley Shell,6810.0,9180.0,25.8,4.2,1385,https://www.amazon.in/dp/B06DJVMHIN,2026-04-10T05:47:58,2026-04-10T06:00:41
Skybags,B0P5KR5H5V,Skybags Carbon Hard Cabin Luggage Set,5180.0,7490.0,30.8,4.2,3644,https://www.amazon.in/dp/B0P5KR5H5V,2026-04-10T05:47:58,2026-04-10T06:00:41
Skybags,B0AUC4KN0Z,Skybags Citytrail 67 cm Hard Trolley Gray,3980.0,4980.0,20.1,4.2,4483,https://www.amazon.in/dp/B0AUC4KN0Z,2026-04-10T05:47:58,2026-04-10T06:00:41
Skybags,B0C8ZY4579,Skybags,1649.0,4450.0,62.9,4.2,24,https://www.amazon.in/Skybags-Luggage-Printed-Trolley-Combination/dp/B0C8ZY4579/ref=sr_1_5?dib=eyJ2IjoiMSJ9.2amomt3fYH7ZIP7jhn-m6cDXEyBoQCL6SnV0ovir4bCQULU3DFYRV0Ez83iCuxDYwr1jWi3RxSGfw1QpVLfPootJxfy8Hcda7OhGp_rOcyW3MVYEqGBSchUSWjPRkiuR57H4vk0JdBsucfpIvie9K-DC5BiyQnQPpFPI3MSc-3Zr1MSJIrm4DzDiZKc6LyQCFLGc2Gt3_fV1I_2EaIqdELC4cfnKtbLfX3ztl93c0xSb_osgRCVat5NFkylYsMCPBgS8KbHEx6EGiYSA3e8rHHIXNPZ72txUIWMnPzzPgfM.RA50oNW89Iy_n_WcF8HuSTGVHa9X6StRE2CMTi_WoUg&dib_tag=se&keywords=Skybags+luggage+trolley+bag&qid=1775780898&sr=8-5,2026-04-10T05:58:26,2026-04-10T06:00:41
Skybags,B0C8ZD8KNP,Skybags,2699.0,9100.0,70.3,4.2,215,https://www.amazon.in/Skybags-Trooper-Luggage-Resetable-Combination/dp/B0C8ZD8KNP/ref=sr_1_6?dib=eyJ2IjoiMSJ9.2amomt3fYH7ZIP7jhn-m6cDXEyBoQCL6SnV0ovir4bCQULU3DFYRV0Ez83iCuxDYwr1jWi3RxSGfw1QpVLfPootJxfy8Hcda7OhGp_rOcyW3MVYEqGBSchUSWjPRkiuR57H4vk0JdBsucfpIvie9K-DC5BiyQnQPpFPI3MSc-3Zr1MSJIrm4DzDiZKc6LyQCFLGc2Gt3_fV1I_2EaIqdELC4cfnKtbLfX3ztl93c0xSb_osgRCVat5NFkylYsMCPBgS8KbHEx6EGiYSA3e8rHHIXNPZ72txUIWMnPzzPgfM.RA50oNW89Iy_n_WcF8HuSTGVHa9X6StRE2CMTi_WoUg&dib_tag=se&keywords=Skybags+luggage+trolley+bag&qid=1775780898&sr=8-6,2026-04-10T05:58:28,2026-04-10T06:00:41
Skybags,B08GUR60G6,Skybags Nimbus 2.0 21 Inch Cabin Bag,6130.0,7420.0,17.4,4.1,3164,https://www.amazon.in/dp/B08GUR60G6,2026-04-10T05:47:58,2026-04-10T06:00:41
Skybags,B01MP7E1GB,Skybags Optimus Plus 75 cm Expandable Trolley,5500.0,7190.0,23.5,4.1,1281,https://www.amazon.in/dp/B01MP7E1GB,2026-04-10T05:47:58,2026-04-10T06:00:41
Skybags,B0FFAK09IB,Skybags Rubik 55 cm Ultralight Trolley,4610.0,5880.0,21.6,4.0,3204,https://www.amazon.in/dp/B0FFAK09IB,2026-04-10T05:47:58,2026-04-10T06:00:41
Skybags,B0FPXQ4WA4,Skybags Reef 65 cm Polycarbonate Spinner,4570.0,5780.0,20.9,3.9,2932,https://www.amazon.in/dp/B0FPXQ4WA4,2026-04-10T05:47:58,2026-04-10T06:00:41
Skybags,B0GV54NMPT,Skybags,6999.0,14000.0,50.0,,,https://www.amazon.in/Skybags-Printed-Luggage-Polypropylene-Trolley/dp/B0GV54NMPT/ref=sr_1_10?dib=eyJ2IjoiMSJ9.2amomt3fYH7ZIP7jhn-m6cDXEyBoQCL6SnV0ovir4bCQULU3DFYRV0Ez83iCuxDYwr1jWi3RxSGfw1QpVLfPootJxfy8Hcda7OhGp_rOcyW3MVYEqGBSchUSWjPRkiuR57H4vk0JdBsucfpIvie9K-DC5BiyQnQPpFPI3MSc-3Zr1MSJIrm4DzDiZKc6LyQCFLGc2Gt3_fV1I_2EaIqdELC4cfnKtbLfX3ztl93c0xSb_osgRCVat5NFkylYsMCPBgS8KbHEx6EGiYSA3e8rHHIXNPZ72txUIWMnPzzPgfM.RA50oNW89Iy_n_WcF8HuSTGVHa9X6StRE2CMTi_WoUg&dib_tag=se&keywords=Skybags+luggage+trolley+bag&qid=1775780898&sr=8-10,2026-04-10T05:58:38,2026-04-10T06:00:41
Vip,B06E2H9OS3,VIP Odyssey 69 cm Medium Hardside Trolley,3010.0,3890.0,22.6,4.3,2671,https://www.amazon.in/dp/B06E2H9OS3,2026-04-10T05:47:58,2026-04-10T06:00:41
Vip,B0D4RD23TM,VIP,3270.0,12600.0,74.0,4.3,433,https://www.amazon.in/VIP-Polypropylene-Hardshell-Lightweight-Combination/dp/B0D4RD23TM/ref=sr_1_10?dib=eyJ2IjoiMSJ9.T55-qx9l5HT1l5AN7CAkayTTUUQTBp3RHb_GMw7hE43vcfDvqpCDc1p7YKh_ChM2Ak3_Vmn-NMASdsYp9W1nZm5qNF_ZTzIYnA8yOhIDVeTN7wkvJhSJYq8g2j14BKQXGTsV84rvFIAaVznOr5h7X6yRvzIdugoacuz9f9n75469_0jVyB4w4qleOOWJ-7QGxylIfEPuPdFLQ-EaMkB0FjQgkD2x6wuqf6B3lD2k3rj1ix3Dbuj8R4MNYud5yHIAOvW1MH-r1Mm8ZPO7piWILdvAVvB5fdMEmhzjSsM2rTI.pYQjOuplhEEH6E1PX7DDv2OJeL304RWSESbDJgyqQPQ&dib_tag=se&keywords=VIP+luggage+trolley+bag&qid=1775780957&sr=8-10,2026-04-10T05:59:37,2026-04-10T06:00:41
Vip,B07CPJ2DK6,VIP Skybag 55 cm Small Cabin Hard Trolley,5380.0,7280.0,26.1,4.2,241,https://www.amazon.in/dp/B07CPJ2DK6,2026-04-10T05:47:58,2026-04-10T06:00:41
Vip,B0OC08R1F4,VIP Spectra 67 cm Vertical Trolley Hard Luggage,3540.0,4490.0,21.2,4.2,4193,https://www.amazon.in/dp/B0OC08R1F4,2026-04-10T05:47:58,2026-04-10T06:00:41
Vip,B0DD3W11L4,VIP,2309.0,9900.0,76.7,4.2,167,https://www.amazon.in/VIP-Trolley-Lightweight-Combination-Suitcase/dp/B0DD3W11L4/ref=sr_1_7?dib=eyJ2IjoiMSJ9.T55-qx9l5HT1l5AN7CAkayTTUUQTBp3RHb_GMw7hE43vcfDvqpCDc1p7YKh_ChM2Ak3_Vmn-NMASdsYp9W1nZm5qNF_ZTzIYnA8yOhIDVeTN7wkvJhSJYq8g2j14BKQXGTsV84rvFIAaVznOr5h7X6yRvzIdugoacuz9f9n75469_0jVyB4w4qleOOWJ-7QGxylIfEPuPdFLQ-EaMkB0FjQgkD2x6wuqf6B3lD2k3rj1ix3Dbuj8R4MNYud5yHIAOvW1MH-r1Mm8ZPO7piWILdvAVvB5fdMEmhzjSsM2rTI.pYQjOuplhEEH6E1PX7DDv2OJeL304RWSESbDJgyqQPQ&dib_tag=se&keywords=VIP+luggage+trolley+bag&qid=1775780957&sr=8-7,2026-04-10T05:59:31,2026-04-10T06:00:41
Vip,B0BR6GDPJG,VIP Tracks 55 cm Antiscratch Cabin Suitcase,2980.0,3950.0,24.6,4.1,480,https://www.amazon.in/dp/B0BR6GDPJG,2026-04-10T05:47:58,2026-04-10T06:00:41
Vip,B0FC6QHR4T,Aristocrat,1439.0,7990.0,82.0,4.1,24,https://www.amazon.in/Aristocrat-Polycarbonate-Combination-Convipack-International/dp/B0FC6QHR4T/ref=sr_1_8?dib=eyJ2IjoiMSJ9.T55-qx9l5HT1l5AN7CAkayTTUUQTBp3RHb_GMw7hE43vcfDvqpCDc1p7YKh_ChM2Ak3_Vmn-NMASdsYp9W1nZm5qNF_ZTzIYnA8yOhIDVeTN7wkvJhSJYq8g2j14BKQXGTsV84rvFIAaVznOr5h7X6yRvzIdugoacuz9f9n75469_0jVyB4w4qleOOWJ-7QGxylIfEPuPdFLQ-EaMkB0FjQgkD2x6wuqf6B3lD2k3rj1ix3Dbuj8R4MNYud5yHIAOvW1MH-r1Mm8ZPO7piWILdvAVvB5fdMEmhzjSsM2rTI.pYQjOuplhEEH6E1PX7DDv2OJeL304RWSESbDJgyqQPQ&dib_tag=se&keywords=VIP+luggage+trolley+bag&qid=1775780957&sr=8-8,2026-04-10T05:59:33,2026-04-10T06:00:41
Vip,B0X8P3Z8G1,VIP Tropic 65 cm Polycarbonate Spinner Luggage,2940.0,3950.0,25.6,4.0,2345,https://www.amazon.in/dp/B0X8P3Z8G1,2026-04-10T05:47:58,2026-04-10T06:00:41
Vip,B06WBU3NOW,VIP Elanza 75 cm Large Hard Trolley Grey,3500.0,4750.0,26.3,4.0,4167,https://www.amazon.in/dp/B06WBU3NOW,2026-04-10T05:47:58,2026-04-10T06:00:41
Vip,B0X05O8FRK,VIP Verve 55 cm Hard Cabin Bag with TSA Lock,5200.0,6510.0,20.1,4.0,1011,https://www.amazon.in/dp/B0X05O8FRK,2026-04-10T05:47:58,2026-04-10T06:00:41
Vip,B0PZLUJZI9,VIP Swift Opal 75 cm Expendable Large Trolley,4400.0,5800.0,24.1,4.0,1185,https://www.amazon.in/dp/B0PZLUJZI9,2026-04-10T05:47:58,2026-04-10T06:00:41
Vip,B0MQ271TPX,VIP Vega 4 Wheel 77 cm Large Hard Shell Trolley,4820.0,6580.0,26.7,4.0,2515,https://www.amazon.in/dp/B0MQ271TPX,2026-04-10T05:47:58,2026-04-10T06:00:41
Vip,B0FPXK5JRQ,Aristocrat,2049.0,8490.0,75.9,4.0,11,https://www.amazon.in/Aristocrat-Suitcase-Combination-Convipack-Warranty/dp/B0FPXK5JRQ/ref=sr_1_9?dib=eyJ2IjoiMSJ9.T55-qx9l5HT1l5AN7CAkayTTUUQTBp3RHb_GMw7hE43vcfDvqpCDc1p7YKh_ChM2Ak3_Vmn-NMASdsYp9W1nZm5qNF_ZTzIYnA8yOhIDVeTN7wkvJhSJYq8g2j14BKQXGTsV84rvFIAaVznOr5h7X6yRvzIdugoacuz9f9n75469_0jVyB4w4qleOOWJ-7QGxylIfEPuPdFLQ-EaMkB0FjQgkD2x6wuqf6B3lD2k3rj1ix3Dbuj8R4MNYud5yHIAOvW1MH-r1Mm8ZPO7piWILdvAVvB5fdMEmhzjSsM2rTI.pYQjOuplhEEH6E1PX7DDv2OJeL304RWSESbDJgyqQPQ&dib_tag=se&keywords=VIP+luggage+trolley+bag&qid=1775780957&sr=8-9,2026-04-10T05:59:35,2026-04-10T06:00:41
Vip,B0CAHE2SLK,VIP Novo 55 cm 8 Wheel Spinner Cabin Bag,5300.0,6370.0,16.8,3.9,821,https://www.amazon.in/dp/B0CAHE2SLK,2026-04-10T05:47:58,2026-04-10T06:00:41
Vip,B0V1EM0H5B,VIP Magnus 65 cm Combo Hard Trolley Set of 2,2710.0,3210.0,15.6,3.9,282,https://www.amazon.in/dp/B0V1EM0H5B,2026-04-10T05:47:58,2026-04-10T06:00:41
Vip,B0CBTZP3CL,VIP,3029.0,14990.0,79.8,3.7,21,https://www.amazon.in/VIP-Unicorn-Polyester-Spinner-Trolleys/dp/B0CBTZP3CL/ref=sr_1_5?dib=eyJ2IjoiMSJ9.T55-qx9l5HT1l5AN7CAkayTTUUQTBp3RHb_GMw7hE43vcfDvqpCDc1p7YKh_ChM2Ak3_Vmn-NMASdsYp9W1nZm5qNF_ZTzIYnA8yOhIDVeTN7wkvJhSJYq8g2j14BKQXGTsV84rvFIAaVznOr5h7X6yRvzIdugoacuz9f9n75469_0jVyB4w4qleOOWJ-7QGxylIfEPuPdFLQ-EaMkB0FjQgkD2x6wuqf6B3lD2k3rj1ix3Dbuj8R4MNYud5yHIAOvW1MH-r1Mm8ZPO7piWILdvAVvB5fdMEmhzjSsM2rTI.pYQjOuplhEEH6E1PX7DDv2OJeL304RWSESbDJgyqQPQ&dib_tag=se&keywords=VIP+luggage+trolley+bag&qid=1775780957&sr=8-5,2026-04-10T05:59:26,2026-04-10T06:00:41
Vip,B0ZG96CFWY,VIP Arcade 4 Wheels Large Trolley Black 79 cm,5960.0,8010.0,25.6,3.6,1075,https://www.amazon.in/dp/B0ZG96CFWY,2026-04-10T05:47:58,2026-04-10T06:00:41
